<?xml version='1.0' encoding='UTF-8'?><!-- Published by JAX-WS RI (http://jax-ws.java.net). RI's version is Metro/2.3.1 (UNKNOWN_BRANCH-false; 2015-01-15T16:53:43+0100) JAXWS-RI/2.2.10 JAXWS-API/2.2.11 JAXB-RI/2.2.10-b140802.1033 JAXB-API/2.2.12-b140109.1041 svn-revision#unknown. --><!-- Generated by JAX-WS RI (http://jax-ws.java.net). RI's version is Metro/2.3.1 (UNKNOWN_BRANCH-false; 2015-01-15T16:53:43+0100) JAXWS-RI/2.2.10 JAXWS-API/2.2.11 JAXB-RI/2.2.10-b140802.1033 JAXB-API/2.2.12-b140109.1041 svn-revision#unknown. --><definitions xmlns:wsu="http://docs.oasis-open.org/wss/2004/01/oasis-200401-wss-wssecurity-utility-1.0.xsd" xmlns:wsp="http://www.w3.org/ns/ws-policy" xmlns:wsp1_2="http://schemas.xmlsoap.org/ws/2004/09/policy" xmlns:wsam="http://www.w3.org/2007/05/addressing/metadata" xmlns:soap="http://schemas.xmlsoap.org/wsdl/soap/" xmlns:tns="http://my.state.nj.us/" xmlns:xsd="http://www.w3.org/2001/XMLSchema" xmlns="http://schemas.xmlsoap.org/wsdl/" targetNamespace="http://my.state.nj.us/" name="SelfAuthLinkedService">
<types>
<xsd:schema>
<xsd:import namespace="http://my.state.nj.us/" schemaLocation="http://ramapo.oit.state.nj.us:8010/mynjws/SelfAuthLinked?xsd=1"/>
</xsd:schema>
</types>
<message name="resume">
<part name="parameters" element="tns:resume"/>
</message>
<message name="resumeResponse">
<part name="parameters" element="tns:resumeResponse"/>
</message>
<message name="grant">
<part name="parameters" element="tns:grant"/>
</message>
<message name="grantResponse">
<part name="parameters" element="tns:grantResponse"/>
</message>
<portType name="SelfAuthLinked">
<operation name="resume">
<input wsam:Action="http://my.state.nj.us/SelfAuthLinked/resumeRequest" message="tns:resume"/>
<output wsam:Action="http://my.state.nj.us/SelfAuthLinked/resumeResponse" message="tns:resumeResponse"/>
</operation>
<operation name="grant">
<input wsam:Action="http://my.state.nj.us/SelfAuthLinked/grantRequest" message="tns:grant"/>
<output wsam:Action="http://my.state.nj.us/SelfAuthLinked/grantResponse" message="tns:grantResponse"/>
</operation>
</portType>
<binding name="SelfAuthLinkedPortBinding" type="tns:SelfAuthLinked">
<soap:binding transport="http://schemas.xmlsoap.org/soap/http" style="document"/>
<operation name="resume">
<soap:operation soapAction=""/>
<input>
<soap:body use="literal"/>
</input>
<output>
<soap:body use="literal"/>
</output>
</operation>
<operation name="grant">
<soap:operation soapAction=""/>
<input>
<soap:body use="literal"/>
</input>
<output>
<soap:body use="literal"/>
</output>
</operation>
</binding>
<service name="SelfAuthLinkedService">
<port name="SelfAuthLinkedPort" binding="tns:SelfAuthLinkedPortBinding">
<soap:address location="http://ramapo.oit.state.nj.us:8010/mynjws/SelfAuthLinked"/>
</port>
</service>
</definitions>
