<?xml version='1.0' encoding='UTF-8'?><!-- Published by JAX-WS RI at http://jax-ws.dev.java.net. RI's version is JAX-WS RI 2.1.5-hudson-$BUILD_NUMBER-. --><!-- Generated by JAX-WS RI at http://jax-ws.dev.java.net. RI's version is JAX-WS RI 2.1.5-hudson-$BUILD_NUMBER-. --><definitions xmlns:wsu="http://docs.oasis-open.org/wss/2004/01/oasis-200401-wss-wssecurity-utility-1.0.xsd" xmlns:soap="http://schemas.xmlsoap.org/wsdl/soap/" xmlns:tns="http://my.state.nj.us/" xmlns:xsd="http://www.w3.org/2001/XMLSchema" xmlns="http://schemas.xmlsoap.org/wsdl/" targetNamespace="http://my.state.nj.us/" name="SingleSignonService">
<types>
<xsd:schema>
<xsd:import namespace="http://my.state.nj.us/" schemaLocation="http://portal21.sa.state.nj.us:8020/mynjws/SingleSignon?xsd=1" />
</xsd:schema>
</types>
<message name="getCookieName">
<part name="parameters" element="tns:getCookieName" />
</message>
<message name="getCookieNameResponse">
<part name="parameters" element="tns:getCookieNameResponse" />
</message>
<message name="validate">
<part name="parameters" element="tns:validate" />
</message>
<message name="validateResponse">
<part name="parameters" element="tns:validateResponse" />
</message>
<portType name="SingleSignon">
<operation name="getCookieName">
<input message="tns:getCookieName" />
<output message="tns:getCookieNameResponse" />
</operation>
<operation name="validate">
<input message="tns:validate" />
<output message="tns:validateResponse" />
</operation>
</portType>
<binding name="SingleSignonPortBinding" type="tns:SingleSignon">
<soap:binding transport="http://schemas.xmlsoap.org/soap/http" style="document" />
<operation name="getCookieName">
<soap:operation soapAction="" />
<input>
<soap:body use="literal" />
</input>
<output>
<soap:body use="literal" />
</output>
</operation>
<operation name="validate">
<soap:operation soapAction="" />
<input>
<soap:body use="literal" />
</input>
<output>
<soap:body use="literal" />
</output>
</operation>
</binding>
<service name="SingleSignonService">
<port name="SingleSignonPort" binding="tns:SingleSignonPortBinding">
<soap:address location="http://portal21.sa.state.nj.us:8020/mynjws/SingleSignon" />
</port>
</service>
</definitions>
