<?xml version='1.0' encoding='UTF-8'?><!-- Published by JAX-WS RI (http://jax-ws.java.net). RI's version is Metro/2.3.1 (UNKNOWN_BRANCH-false; 2015-01-15T16:53:43+0100) JAXWS-RI/2.2.10 JAXWS-API/2.2.11 JAXB-RI/2.2.10-b140802.1033 JAXB-API/2.2.12-b140109.1041 svn-revision#unknown. --><!-- Generated by JAX-WS RI (http://jax-ws.java.net). RI's version is Metro/2.3.1 (UNKNOWN_BRANCH-false; 2015-01-15T16:53:43+0100) JAXWS-RI/2.2.10 JAXWS-API/2.2.11 JAXB-RI/2.2.10-b140802.1033 JAXB-API/2.2.12-b140109.1041 svn-revision#unknown. --><definitions xmlns:wsu="http://docs.oasis-open.org/wss/2004/01/oasis-200401-wss-wssecurity-utility-1.0.xsd" xmlns:wsp="http://www.w3.org/ns/ws-policy" xmlns:wsp1_2="http://schemas.xmlsoap.org/ws/2004/09/policy" xmlns:wsam="http://www.w3.org/2007/05/addressing/metadata" xmlns:soap="http://schemas.xmlsoap.org/wsdl/soap/" xmlns:tns="http://my.state.nj.us/" xmlns:xsd="http://www.w3.org/2001/XMLSchema" xmlns="http://schemas.xmlsoap.org/wsdl/" targetNamespace="http://my.state.nj.us/" name="SingleSignonService">
<types>
<xsd:schema>
<xsd:import namespace="http://my.state.nj.us/" schemaLocation="http://ramapo.oit.state.nj.us:8010/mynjws/SingleSignon?xsd=1"/>
</xsd:schema>
</types>
<message name="validate">
<part name="parameters" element="tns:validate"/>
</message>
<message name="validateResponse">
<part name="parameters" element="tns:validateResponse"/>
</message>
<message name="getCookieName">
<part name="parameters" element="tns:getCookieName"/>
</message>
<message name="getCookieNameResponse">
<part name="parameters" element="tns:getCookieNameResponse"/>
</message>
<portType name="SingleSignon">
<operation name="validate">
<input wsam:Action="http://my.state.nj.us/SingleSignon/validateRequest" message="tns:validate"/>
<output wsam:Action="http://my.state.nj.us/SingleSignon/validateResponse" message="tns:validateResponse"/>
</operation>
<operation name="getCookieName">
<input wsam:Action="http://my.state.nj.us/SingleSignon/getCookieNameRequest" message="tns:getCookieName"/>
<output wsam:Action="http://my.state.nj.us/SingleSignon/getCookieNameResponse" message="tns:getCookieNameResponse"/>
</operation>
</portType>
<binding name="SingleSignonPortBinding" type="tns:SingleSignon">
<soap:binding transport="http://schemas.xmlsoap.org/soap/http" style="document"/>
<operation name="validate">
<soap:operation soapAction=""/>
<input>
<soap:body use="literal"/>
</input>
<output>
<soap:body use="literal"/>
</output>
</operation>
<operation name="getCookieName">
<soap:operation soapAction=""/>
<input>
<soap:body use="literal"/>
</input>
<output>
<soap:body use="literal"/>
</output>
</operation>
</binding>
<service name="SingleSignonService">
<port name="SingleSignonPort" binding="tns:SingleSignonPortBinding">
<soap:address location="http://ramapo.oit.state.nj.us:8010/mynjws/SingleSignon"/>
</port>
</service>
</definitions>
