[{"pk": 0, "model": "reports.FARMX", "fields": {"PRESERVED_ACRES": 44, "CITY": "East Bumble", "PARTNER_GUID": null, "SADC_GUIDX": "901b1a96-efcf-4d72-a7f4-17a7e4ed45ab", "ZIP": "09987", "PARENT_GUID": null, "ACTIVE_PROGRAM_GUID": null, "PRESERVED_DATE": "2003-01-21", "PAID_ACRES": 17, "PRESERVED_PROGRAM_GUID": null, "RESTRICTION_GUID": null, "NON_CONTIGUOUS_PARCELS": 1, "ADDRESS": "889 Main Street", "FEDERAL_FUNDING": 0, "PRIMARY_MUNI": "LAWRENCEVILLE", "EASEMENT_HOLDER_GUID": null, "PRIMARY_COUNTY": "MERCER"}}, {"pk": 1, "model": "reports.FARMX", "fields": {"PRESERVED_ACRES": 80, "CITY": "East Bumble", "PARTNER_GUID": null, "SADC_GUIDX": "fa9dbedb-fa3e-40f0-a155-b4d0ee2f2e12", "ZIP": "09987", "PARENT_GUID": null, "ACTIVE_PROGRAM_GUID": null, "PRESERVED_DATE": "1973-01-21", "PAID_ACRES": 48, "PRESERVED_PROGRAM_GUID": null, "RESTRICTION_GUID": null, "NON_CONTIGUOUS_PARCELS": 1, "ADDRESS": "981 Main Street", "FEDERAL_FUNDING": 0, "PRIMARY_MUNI": "TRENTON", "EASEMENT_HOLDER_GUID": null, "PRIMARY_COUNTY": "CAMDEN"}}, {"pk": 2, "model": "reports.FARMX", "fields": {"PRESERVED_ACRES": 24, "CITY": "East Bumble", "PARTNER_GUID": null, "SADC_GUIDX": "cd9fede7-3fd5-4383-bd1c-55b7a0374691", "ZIP": "09987", "PARENT_GUID": null, "ACTIVE_PROGRAM_GUID": null, "PRESERVED_DATE": "2006-01-21", "PAID_ACRES": 44, "PRESERVED_PROGRAM_GUID": null, "RESTRICTION_GUID": null, "NON_CONTIGUOUS_PARCELS": 0, "ADDRESS": "139 Main Street", "FEDERAL_FUNDING": 0, "PRIMARY_MUNI": "TRENTON", "EASEMENT_HOLDER_GUID": null, "PRIMARY_COUNTY": "BURLINGTON"}}, {"pk": 3, "model": "reports.FARMX", "fields": {"PRESERVED_ACRES": 91, "CITY": "East Bumble", "PARTNER_GUID": null, "SADC_GUIDX": "b60b8fbd-2db2-4953-aada-96452bba98d9", "ZIP": "09987", "PARENT_GUID": null, "ACTIVE_PROGRAM_GUID": null, "PRESERVED_DATE": "1974-01-21", "PAID_ACRES": 46, "PRESERVED_PROGRAM_GUID": null, "RESTRICTION_GUID": null, "NON_CONTIGUOUS_PARCELS": 1, "ADDRESS": "840 Main Street", "FEDERAL_FUNDING": 0, "PRIMARY_MUNI": "LAWRENCEVILLE", "EASEMENT_HOLDER_GUID": null, "PRIMARY_COUNTY": "BURLINGTON"}}, {"pk": 4, "model": "reports.FARMX", "fields": {"PRESERVED_ACRES": 56, "CITY": "East Bumble", "PARTNER_GUID": null, "SADC_GUIDX": "4a6e1f7a-a15e-4c59-a448-4701cff3222f", "ZIP": "09987", "PARENT_GUID": null, "ACTIVE_PROGRAM_GUID": null, "PRESERVED_DATE": "1979-01-21", "PAID_ACRES": 51, "PRESERVED_PROGRAM_GUID": null, "RESTRICTION_GUID": null, "NON_CONTIGUOUS_PARCELS": 0, "ADDRESS": "168 Main Street", "FEDERAL_FUNDING": 0, "PRIMARY_MUNI": "LAWRENCEVILLE", "EASEMENT_HOLDER_GUID": null, "PRIMARY_COUNTY": "BURLINGTON"}}, {"pk": 5, "model": "reports.FARMX", "fields": {"PRESERVED_ACRES": 92, "CITY": "East Bumble", "PARTNER_GUID": null, "SADC_GUIDX": "531ad01c-df2c-48c7-991c-5bb00eb7a795", "ZIP": "09987", "PARENT_GUID": null, "ACTIVE_PROGRAM_GUID": null, "PRESERVED_DATE": "2008-01-21", "PAID_ACRES": 88, "PRESERVED_PROGRAM_GUID": null, "RESTRICTION_GUID": null, "NON_CONTIGUOUS_PARCELS": 0, "ADDRESS": "426 Main Street", "FEDERAL_FUNDING": 0, "PRIMARY_MUNI": "TRENTON", "EASEMENT_HOLDER_GUID": null, "PRIMARY_COUNTY": "BURLINGTON"}}, {"pk": 6, "model": "reports.FARMX", "fields": {"PRESERVED_ACRES": 69, "CITY": "East Bumble", "PARTNER_GUID": null, "SADC_GUIDX": "de6231cd-bcc8-4268-8e14-4342e360eb87", "ZIP": "09987", "PARENT_GUID": null, "ACTIVE_PROGRAM_GUID": null, "PRESERVED_DATE": "1995-01-21", "PAID_ACRES": 83, "PRESERVED_PROGRAM_GUID": null, "RESTRICTION_GUID": null, "NON_CONTIGUOUS_PARCELS": 0, "ADDRESS": "509 Main Street", "FEDERAL_FUNDING": 0, "PRIMARY_MUNI": "TRENTON", "EASEMENT_HOLDER_GUID": null, "PRIMARY_COUNTY": "MERCER"}}, {"pk": 7, "model": "reports.FARMX", "fields": {"PRESERVED_ACRES": 65, "CITY": "East Bumble", "PARTNER_GUID": null, "SADC_GUIDX": "a86cbf64-a82b-4259-ab92-dbeb360b3855", "ZIP": "09987", "PARENT_GUID": null, "ACTIVE_PROGRAM_GUID": null, "PRESERVED_DATE": "1971-01-21", "PAID_ACRES": 37, "PRESERVED_PROGRAM_GUID": null, "RESTRICTION_GUID": null, "NON_CONTIGUOUS_PARCELS": 0, "ADDRESS": "370 Main Street", "FEDERAL_FUNDING": 0, "PRIMARY_MUNI": "HAMILTON TOWNSHIP", "EASEMENT_HOLDER_GUID": null, "PRIMARY_COUNTY": "CAMDEN"}}, {"pk": 8, "model": "reports.FARMX", "fields": {"PRESERVED_ACRES": 97, "CITY": "East Bumble", "PARTNER_GUID": null, "SADC_GUIDX": "ac08e950-d950-4066-aea0-873444667c71", "ZIP": "09987", "PARENT_GUID": null, "ACTIVE_PROGRAM_GUID": null, "PRESERVED_DATE": "1971-01-21", "PAID_ACRES": 53, "PRESERVED_PROGRAM_GUID": null, "RESTRICTION_GUID": null, "NON_CONTIGUOUS_PARCELS": 1, "ADDRESS": "202 Main Street", "FEDERAL_FUNDING": 0, "PRIMARY_MUNI": "TRENTON", "EASEMENT_HOLDER_GUID": null, "PRIMARY_COUNTY": "CAMDEN"}}, {"pk": 9, "model": "reports.FARMX", "fields": {"PRESERVED_ACRES": 13, "CITY": "East Bumble", "PARTNER_GUID": null, "SADC_GUIDX": "bdffd0cb-e863-4f6f-9592-5b81c9c6205f", "ZIP": "09987", "PARENT_GUID": null, "ACTIVE_PROGRAM_GUID": null, "PRESERVED_DATE": "1971-01-21", "PAID_ACRES": 88, "PRESERVED_PROGRAM_GUID": null, "RESTRICTION_GUID": null, "NON_CONTIGUOUS_PARCELS": 1, "ADDRESS": "884 Main Street", "FEDERAL_FUNDING": 0, "PRIMARY_MUNI": "LAWRENCEVILLE", "EASEMENT_HOLDER_GUID": null, "PRIMARY_COUNTY": "MERCER"}}, {"pk": 0, "model": "reports.FARM_PARCELX", "fields": {"MUNICIPALITY": "TRENTON", "COUNTY": "CAMDEN", "PAMS_PIN": 54, "LOT": 92, "CREATED_DATE": "2016-01-21", "PARCEL_GUID": "1afadb1c-fb95-46b1-bbd9-e8663c855bb4", "LAST_EDITED_DATE": "2016-01-21", "ACRES_GROSS": 100, "BLOCK": 42, "SADC_GUIDX": "901b1a96-efcf-4d72-a7f4-17a7e4ed45ab", "PARCEL_PUBLISH_DATE": "2016-01-21", "ACRES_PAID": 72, "CREATED_USER": "createduser", "ACRES_NET": 39, "LAST_EDITED_USER": "lastediteduser"}}, {"pk": 1, "model": "reports.FARM_PARCELX", "fields": {"MUNICIPALITY": "LAWRENCEVILLE", "COUNTY": "BURLINGTON", "PAMS_PIN": 30, "LOT": 43, "CREATED_DATE": "2016-01-21", "PARCEL_GUID": "64a042d4-39d7-486a-bcc9-a5945ec69f2f", "LAST_EDITED_DATE": "2016-01-21", "ACRES_GROSS": 91, "BLOCK": 99, "SADC_GUIDX": "901b1a96-efcf-4d72-a7f4-17a7e4ed45ab", "PARCEL_PUBLISH_DATE": "2016-01-21", "ACRES_PAID": 45, "CREATED_USER": "createduser", "ACRES_NET": 69, "LAST_EDITED_USER": "lastediteduser"}}, {"pk": 2, "model": "reports.FARM_PARCELX", "fields": {"MUNICIPALITY": "HAMILTON TOWNSHIP", "COUNTY": "CAMDEN", "PAMS_PIN": 22, "LOT": 8, "CREATED_DATE": "2016-01-21", "PARCEL_GUID": "0e4cc874-357d-4f2b-acc1-3ed99e80bb8c", "LAST_EDITED_DATE": "2016-01-21", "ACRES_GROSS": 42, "BLOCK": 100, "SADC_GUIDX": "901b1a96-efcf-4d72-a7f4-17a7e4ed45ab", "PARCEL_PUBLISH_DATE": "2016-01-21", "ACRES_PAID": 72, "CREATED_USER": "createduser", "ACRES_NET": 92, "LAST_EDITED_USER": "lastediteduser"}}, {"pk": 3, "model": "reports.FARM_PARCELX", "fields": {"MUNICIPALITY": "HAMILTON TOWNSHIP", "COUNTY": "MERCER", "PAMS_PIN": 89, "LOT": 42, "CREATED_DATE": "2016-01-21", "PARCEL_GUID": "12b07cef-16ee-4a6d-ad23-9ac7bf1a5d89", "LAST_EDITED_DATE": "2016-01-21", "ACRES_GROSS": 40, "BLOCK": 81, "SADC_GUIDX": "fa9dbedb-fa3e-40f0-a155-b4d0ee2f2e12", "PARCEL_PUBLISH_DATE": "2016-01-21", "ACRES_PAID": 25, "CREATED_USER": "createduser", "ACRES_NET": 83, "LAST_EDITED_USER": "lastediteduser"}}, {"pk": 4, "model": "reports.FARM_PARCELX", "fields": {"MUNICIPALITY": "LAWRENCEVILLE", "COUNTY": "MERCER", "PAMS_PIN": 3, "LOT": 9, "CREATED_DATE": "2016-01-21", "PARCEL_GUID": "f4241a11-e8ac-4ad7-a0ff-4dff63990608", "LAST_EDITED_DATE": "2016-01-21", "ACRES_GROSS": 72, "BLOCK": 100, "SADC_GUIDX": "fa9dbedb-fa3e-40f0-a155-b4d0ee2f2e12", "PARCEL_PUBLISH_DATE": "2016-01-21", "ACRES_PAID": 40, "CREATED_USER": "createduser", "ACRES_NET": 29, "LAST_EDITED_USER": "lastediteduser"}}, {"pk": 5, "model": "reports.FARM_PARCELX", "fields": {"MUNICIPALITY": "TRENTON", "COUNTY": "CAMDEN", "PAMS_PIN": 100, "LOT": 15, "CREATED_DATE": "2016-01-21", "PARCEL_GUID": "c8abbd6e-b00f-417e-b849-920e64ef9e46", "LAST_EDITED_DATE": "2016-01-21", "ACRES_GROSS": 30, "BLOCK": 83, "SADC_GUIDX": "fa9dbedb-fa3e-40f0-a155-b4d0ee2f2e12", "PARCEL_PUBLISH_DATE": "2016-01-21", "ACRES_PAID": 98, "CREATED_USER": "createduser", "ACRES_NET": 90, "LAST_EDITED_USER": "lastediteduser"}}, {"pk": 6, "model": "reports.FARM_PARCELX", "fields": {"MUNICIPALITY": "LAWRENCEVILLE", "COUNTY": "CAMDEN", "PAMS_PIN": 28, "LOT": 94, "CREATED_DATE": "2016-01-21", "PARCEL_GUID": "3e7865af-a186-43ea-b8b6-e745b7a7b9da", "LAST_EDITED_DATE": "2016-01-21", "ACRES_GROSS": 38, "BLOCK": 88, "SADC_GUIDX": "cd9fede7-3fd5-4383-bd1c-55b7a0374691", "PARCEL_PUBLISH_DATE": "2016-01-21", "ACRES_PAID": 29, "CREATED_USER": "createduser", "ACRES_NET": 95, "LAST_EDITED_USER": "lastediteduser"}}, {"pk": 7, "model": "reports.FARM_PARCELX", "fields": {"MUNICIPALITY": "HAMILTON TOWNSHIP", "COUNTY": "BURLINGTON", "PAMS_PIN": 57, "LOT": 35, "CREATED_DATE": "2016-01-21", "PARCEL_GUID": "7221bb8d-121b-4fc1-a600-51b9176fe114", "LAST_EDITED_DATE": "2016-01-21", "ACRES_GROSS": 58, "BLOCK": 68, "SADC_GUIDX": "cd9fede7-3fd5-4383-bd1c-55b7a0374691", "PARCEL_PUBLISH_DATE": "2016-01-21", "ACRES_PAID": 86, "CREATED_USER": "createduser", "ACRES_NET": 2, "LAST_EDITED_USER": "lastediteduser"}}, {"pk": 8, "model": "reports.FARM_PARCELX", "fields": {"MUNICIPALITY": "TRENTON", "COUNTY": "CAMDEN", "PAMS_PIN": 62, "LOT": 18, "CREATED_DATE": "2016-01-21", "PARCEL_GUID": "2cf2881a-33d8-496a-bbe9-09d1c55b0311", "LAST_EDITED_DATE": "2016-01-21", "ACRES_GROSS": 66, "BLOCK": 72, "SADC_GUIDX": "cd9fede7-3fd5-4383-bd1c-55b7a0374691", "PARCEL_PUBLISH_DATE": "2016-01-21", "ACRES_PAID": 96, "CREATED_USER": "createduser", "ACRES_NET": 67, "LAST_EDITED_USER": "lastediteduser"}}, {"pk": 9, "model": "reports.FARM_PARCELX", "fields": {"MUNICIPALITY": "LAWRENCEVILLE", "COUNTY": "BURLINGTON", "PAMS_PIN": 77, "LOT": 24, "CREATED_DATE": "2016-01-21", "PARCEL_GUID": "e89ac7be-794e-407b-9445-267f5760b03f", "LAST_EDITED_DATE": "2016-01-21", "ACRES_GROSS": 32, "BLOCK": 79, "SADC_GUIDX": "b60b8fbd-2db2-4953-aada-96452bba98d9", "PARCEL_PUBLISH_DATE": "2016-01-21", "ACRES_PAID": 54, "CREATED_USER": "createduser", "ACRES_NET": 4, "LAST_EDITED_USER": "lastediteduser"}}, {"pk": 10, "model": "reports.FARM_PARCELX", "fields": {"MUNICIPALITY": "HAMILTON TOWNSHIP", "COUNTY": "BURLINGTON", "PAMS_PIN": 1, "LOT": 25, "CREATED_DATE": "2016-01-21", "PARCEL_GUID": "61b1b71a-55f5-44bf-89b6-59d446512b15", "LAST_EDITED_DATE": "2016-01-21", "ACRES_GROSS": 26, "BLOCK": 93, "SADC_GUIDX": "b60b8fbd-2db2-4953-aada-96452bba98d9", "PARCEL_PUBLISH_DATE": "2016-01-21", "ACRES_PAID": 11, "CREATED_USER": "createduser", "ACRES_NET": 66, "LAST_EDITED_USER": "lastediteduser"}}, {"pk": 11, "model": "reports.FARM_PARCELX", "fields": {"MUNICIPALITY": "HAMILTON TOWNSHIP", "COUNTY": "CAMDEN", "PAMS_PIN": 1, "LOT": 3, "CREATED_DATE": "2016-01-21", "PARCEL_GUID": "ca21218c-490c-496b-81d6-ef0c1bfdf408", "LAST_EDITED_DATE": "2016-01-21", "ACRES_GROSS": 82, "BLOCK": 37, "SADC_GUIDX": "b60b8fbd-2db2-4953-aada-96452bba98d9", "PARCEL_PUBLISH_DATE": "2016-01-21", "ACRES_PAID": 50, "CREATED_USER": "createduser", "ACRES_NET": 27, "LAST_EDITED_USER": "lastediteduser"}}, {"pk": 12, "model": "reports.FARM_PARCELX", "fields": {"MUNICIPALITY": "TRENTON", "COUNTY": "MERCER", "PAMS_PIN": 77, "LOT": 23, "CREATED_DATE": "2016-01-21", "PARCEL_GUID": "ce5dc68e-f209-4c39-9a5e-860a055e2661", "LAST_EDITED_DATE": "2016-01-21", "ACRES_GROSS": 48, "BLOCK": 10, "SADC_GUIDX": "4a6e1f7a-a15e-4c59-a448-4701cff3222f", "PARCEL_PUBLISH_DATE": "2016-01-21", "ACRES_PAID": 55, "CREATED_USER": "createduser", "ACRES_NET": 99, "LAST_EDITED_USER": "lastediteduser"}}, {"pk": 13, "model": "reports.FARM_PARCELX", "fields": {"MUNICIPALITY": "LAWRENCEVILLE", "COUNTY": "MERCER", "PAMS_PIN": 86, "LOT": 20, "CREATED_DATE": "2016-01-21", "PARCEL_GUID": "a76f3f47-8d35-4f59-9038-fecc9f4f6fd8", "LAST_EDITED_DATE": "2016-01-21", "ACRES_GROSS": 2, "BLOCK": 33, "SADC_GUIDX": "4a6e1f7a-a15e-4c59-a448-4701cff3222f", "PARCEL_PUBLISH_DATE": "2016-01-21", "ACRES_PAID": 16, "CREATED_USER": "createduser", "ACRES_NET": 72, "LAST_EDITED_USER": "lastediteduser"}}, {"pk": 14, "model": "reports.FARM_PARCELX", "fields": {"MUNICIPALITY": "HAMILTON TOWNSHIP", "COUNTY": "MERCER", "PAMS_PIN": 78, "LOT": 35, "CREATED_DATE": "2016-01-21", "PARCEL_GUID": "79e2fd85-4c1b-4736-a87a-5e35f2e87d67", "LAST_EDITED_DATE": "2016-01-21", "ACRES_GROSS": 22, "BLOCK": 55, "SADC_GUIDX": "4a6e1f7a-a15e-4c59-a448-4701cff3222f", "PARCEL_PUBLISH_DATE": "2016-01-21", "ACRES_PAID": 35, "CREATED_USER": "createduser", "ACRES_NET": 78, "LAST_EDITED_USER": "lastediteduser"}}, {"pk": 15, "model": "reports.FARM_PARCELX", "fields": {"MUNICIPALITY": "HAMILTON TOWNSHIP", "COUNTY": "BURLINGTON", "PAMS_PIN": 72, "LOT": 84, "CREATED_DATE": "2016-01-21", "PARCEL_GUID": "0da00a19-765e-46a6-ab44-64514ff7b745", "LAST_EDITED_DATE": "2016-01-21", "ACRES_GROSS": 34, "BLOCK": 70, "SADC_GUIDX": "531ad01c-df2c-48c7-991c-5bb00eb7a795", "PARCEL_PUBLISH_DATE": "2016-01-21", "ACRES_PAID": 96, "CREATED_USER": "createduser", "ACRES_NET": 94, "LAST_EDITED_USER": "lastediteduser"}}, {"pk": 16, "model": "reports.FARM_PARCELX", "fields": {"MUNICIPALITY": "TRENTON", "COUNTY": "CAMDEN", "PAMS_PIN": 96, "LOT": 46, "CREATED_DATE": "2016-01-21", "PARCEL_GUID": "6ed5b9c9-0949-4ca9-821e-89217e25f3bb", "LAST_EDITED_DATE": "2016-01-21", "ACRES_GROSS": 9, "BLOCK": 53, "SADC_GUIDX": "531ad01c-df2c-48c7-991c-5bb00eb7a795", "PARCEL_PUBLISH_DATE": "2016-01-21", "ACRES_PAID": 36, "CREATED_USER": "createduser", "ACRES_NET": 82, "LAST_EDITED_USER": "lastediteduser"}}, {"pk": 17, "model": "reports.FARM_PARCELX", "fields": {"MUNICIPALITY": "HAMILTON TOWNSHIP", "COUNTY": "MERCER", "PAMS_PIN": 58, "LOT": 18, "CREATED_DATE": "2016-01-21", "PARCEL_GUID": "98dad17b-6c57-4afd-a8bb-1f429fcc21a3", "LAST_EDITED_DATE": "2016-01-21", "ACRES_GROSS": 58, "BLOCK": 55, "SADC_GUIDX": "531ad01c-df2c-48c7-991c-5bb00eb7a795", "PARCEL_PUBLISH_DATE": "2016-01-21", "ACRES_PAID": 5, "CREATED_USER": "createduser", "ACRES_NET": 66, "LAST_EDITED_USER": "lastediteduser"}}, {"pk": 18, "model": "reports.FARM_PARCELX", "fields": {"MUNICIPALITY": "LAWRENCEVILLE", "COUNTY": "BURLINGTON", "PAMS_PIN": 48, "LOT": 12, "CREATED_DATE": "2016-01-21", "PARCEL_GUID": "303b1611-de72-45e8-954c-a703c302ff9a", "LAST_EDITED_DATE": "2016-01-21", "ACRES_GROSS": 34, "BLOCK": 15, "SADC_GUIDX": "de6231cd-bcc8-4268-8e14-4342e360eb87", "PARCEL_PUBLISH_DATE": "2016-01-21", "ACRES_PAID": 51, "CREATED_USER": "createduser", "ACRES_NET": 18, "LAST_EDITED_USER": "lastediteduser"}}, {"pk": 19, "model": "reports.FARM_PARCELX", "fields": {"MUNICIPALITY": "HAMILTON TOWNSHIP", "COUNTY": "BURLINGTON", "PAMS_PIN": 7, "LOT": 28, "CREATED_DATE": "2016-01-21", "PARCEL_GUID": "ab546272-6e4b-4ce4-ad90-0f7d3a315475", "LAST_EDITED_DATE": "2016-01-21", "ACRES_GROSS": 8, "BLOCK": 76, "SADC_GUIDX": "de6231cd-bcc8-4268-8e14-4342e360eb87", "PARCEL_PUBLISH_DATE": "2016-01-21", "ACRES_PAID": 30, "CREATED_USER": "createduser", "ACRES_NET": 93, "LAST_EDITED_USER": "lastediteduser"}}, {"pk": 20, "model": "reports.FARM_PARCELX", "fields": {"MUNICIPALITY": "HAMILTON TOWNSHIP", "COUNTY": "MERCER", "PAMS_PIN": 62, "LOT": 20, "CREATED_DATE": "2016-01-21", "PARCEL_GUID": "12598ae7-326c-4bd5-8858-cbebf786cb60", "LAST_EDITED_DATE": "2016-01-21", "ACRES_GROSS": 73, "BLOCK": 42, "SADC_GUIDX": "de6231cd-bcc8-4268-8e14-4342e360eb87", "PARCEL_PUBLISH_DATE": "2016-01-21", "ACRES_PAID": 84, "CREATED_USER": "createduser", "ACRES_NET": 43, "LAST_EDITED_USER": "lastediteduser"}}, {"pk": 21, "model": "reports.FARM_PARCELX", "fields": {"MUNICIPALITY": "HAMILTON TOWNSHIP", "COUNTY": "CAMDEN", "PAMS_PIN": 70, "LOT": 62, "CREATED_DATE": "2016-01-21", "PARCEL_GUID": "b29b9334-5b0a-484e-9959-de29537105bc", "LAST_EDITED_DATE": "2016-01-21", "ACRES_GROSS": 31, "BLOCK": 86, "SADC_GUIDX": "a86cbf64-a82b-4259-ab92-dbeb360b3855", "PARCEL_PUBLISH_DATE": "2016-01-21", "ACRES_PAID": 50, "CREATED_USER": "createduser", "ACRES_NET": 10, "LAST_EDITED_USER": "lastediteduser"}}, {"pk": 22, "model": "reports.FARM_PARCELX", "fields": {"MUNICIPALITY": "LAWRENCEVILLE", "COUNTY": "MERCER", "PAMS_PIN": 10, "LOT": 67, "CREATED_DATE": "2016-01-21", "PARCEL_GUID": "cc2bb887-2496-4dda-985e-c93cb3354d47", "LAST_EDITED_DATE": "2016-01-21", "ACRES_GROSS": 43, "BLOCK": 47, "SADC_GUIDX": "a86cbf64-a82b-4259-ab92-dbeb360b3855", "PARCEL_PUBLISH_DATE": "2016-01-21", "ACRES_PAID": 50, "CREATED_USER": "createduser", "ACRES_NET": 86, "LAST_EDITED_USER": "lastediteduser"}}, {"pk": 23, "model": "reports.FARM_PARCELX", "fields": {"MUNICIPALITY": "LAWRENCEVILLE", "COUNTY": "BURLINGTON", "PAMS_PIN": 4, "LOT": 44, "CREATED_DATE": "2016-01-21", "PARCEL_GUID": "648fb553-f7c2-456d-9372-d31c879303e7", "LAST_EDITED_DATE": "2016-01-21", "ACRES_GROSS": 14, "BLOCK": 29, "SADC_GUIDX": "a86cbf64-a82b-4259-ab92-dbeb360b3855", "PARCEL_PUBLISH_DATE": "2016-01-21", "ACRES_PAID": 26, "CREATED_USER": "createduser", "ACRES_NET": 84, "LAST_EDITED_USER": "lastediteduser"}}, {"pk": 24, "model": "reports.FARM_PARCELX", "fields": {"MUNICIPALITY": "HAMILTON TOWNSHIP", "COUNTY": "CAMDEN", "PAMS_PIN": 74, "LOT": 15, "CREATED_DATE": "2016-01-21", "PARCEL_GUID": "05fae2b6-d488-4fa6-8ade-9e2bc51fcbab", "LAST_EDITED_DATE": "2016-01-21", "ACRES_GROSS": 82, "BLOCK": 79, "SADC_GUIDX": "ac08e950-d950-4066-aea0-873444667c71", "PARCEL_PUBLISH_DATE": "2016-01-21", "ACRES_PAID": 81, "CREATED_USER": "createduser", "ACRES_NET": 67, "LAST_EDITED_USER": "lastediteduser"}}, {"pk": 25, "model": "reports.FARM_PARCELX", "fields": {"MUNICIPALITY": "LAWRENCEVILLE", "COUNTY": "MERCER", "PAMS_PIN": 61, "LOT": 28, "CREATED_DATE": "2016-01-21", "PARCEL_GUID": "173ace3b-36bc-40c7-b6b9-1faefe5d486c", "LAST_EDITED_DATE": "2016-01-21", "ACRES_GROSS": 59, "BLOCK": 90, "SADC_GUIDX": "ac08e950-d950-4066-aea0-873444667c71", "PARCEL_PUBLISH_DATE": "2016-01-21", "ACRES_PAID": 15, "CREATED_USER": "createduser", "ACRES_NET": 88, "LAST_EDITED_USER": "lastediteduser"}}, {"pk": 26, "model": "reports.FARM_PARCELX", "fields": {"MUNICIPALITY": "HAMILTON TOWNSHIP", "COUNTY": "MERCER", "PAMS_PIN": 91, "LOT": 87, "CREATED_DATE": "2016-01-21", "PARCEL_GUID": "91344153-6315-4484-b1cb-49235a7d05cc", "LAST_EDITED_DATE": "2016-01-21", "ACRES_GROSS": 45, "BLOCK": 48, "SADC_GUIDX": "ac08e950-d950-4066-aea0-873444667c71", "PARCEL_PUBLISH_DATE": "2016-01-21", "ACRES_PAID": 91, "CREATED_USER": "createduser", "ACRES_NET": 14, "LAST_EDITED_USER": "lastediteduser"}}, {"pk": 27, "model": "reports.FARM_PARCELX", "fields": {"MUNICIPALITY": "HAMILTON TOWNSHIP", "COUNTY": "CAMDEN", "PAMS_PIN": 75, "LOT": 34, "CREATED_DATE": "2016-01-21", "PARCEL_GUID": "2201462a-1015-449a-8c45-8cbbfd437c8c", "LAST_EDITED_DATE": "2016-01-21", "ACRES_GROSS": 17, "BLOCK": 49, "SADC_GUIDX": "bdffd0cb-e863-4f6f-9592-5b81c9c6205f", "PARCEL_PUBLISH_DATE": "2016-01-21", "ACRES_PAID": 26, "CREATED_USER": "createduser", "ACRES_NET": 23, "LAST_EDITED_USER": "lastediteduser"}}, {"pk": 28, "model": "reports.FARM_PARCELX", "fields": {"MUNICIPALITY": "LAWRENCEVILLE", "COUNTY": "MERCER", "PAMS_PIN": 82, "LOT": 90, "CREATED_DATE": "2016-01-21", "PARCEL_GUID": "eeb2ba3b-6d15-4b8d-a70f-aacac7cdd168", "LAST_EDITED_DATE": "2016-01-21", "ACRES_GROSS": 13, "BLOCK": 77, "SADC_GUIDX": "bdffd0cb-e863-4f6f-9592-5b81c9c6205f", "PARCEL_PUBLISH_DATE": "2016-01-21", "ACRES_PAID": 59, "CREATED_USER": "createduser", "ACRES_NET": 2, "LAST_EDITED_USER": "lastediteduser"}}, {"pk": 29, "model": "reports.FARM_PARCELX", "fields": {"MUNICIPALITY": "HAMILTON TOWNSHIP", "COUNTY": "MERCER", "PAMS_PIN": 35, "LOT": 89, "CREATED_DATE": "2016-01-21", "PARCEL_GUID": "ae40e180-52ae-4c5f-b7ad-8abed3ff996f", "LAST_EDITED_DATE": "2016-01-21", "ACRES_GROSS": 30, "BLOCK": 55, "SADC_GUIDX": "bdffd0cb-e863-4f6f-9592-5b81c9c6205f", "PARCEL_PUBLISH_DATE": "2016-01-21", "ACRES_PAID": 55, "CREATED_USER": "createduser", "ACRES_NET": 66, "LAST_EDITED_USER": "lastediteduser"}}]